-- State/Province/City table for shipping
-- Add this to the database

CREATE TABLE `city` (
  `ID` int(11) NOT NULL AUTO_INCREMENT,
  `Name` varchar(100) NOT NULL,
  `CountryCode` varchar(2) NOT NULL,
  PRIMARY KEY (`ID`),
  KEY `CountryCode` (`CountryCode`)
) ENGINE=InnoDB DEFAULT CHARSET=utf8mb4;

-- Insert sample states/provinces for major countries
-- United States
INSERT INTO `city` (`Name`, `CountryCode`) VALUES
('Alabama', 'US'),
('Alaska', 'US'),
('Arizona', 'US'),
('Arkansas', 'US'),
('California', 'US'),
('Colorado', 'US'),
('Connecticut', 'US'),
('Delaware', 'US'),
('Florida', 'US'),
('Georgia', 'US'),
('Hawaii', 'US'),
('Idaho', 'US'),
('Illinois', 'US'),
('Indiana', 'US'),
('Iowa', 'US'),
('Kansas', 'US'),
('Kentucky', 'US'),
('Louisiana', 'US'),
('Maine', 'US'),
('Maryland', 'US'),
('Massachusetts', 'US'),
('Michigan', 'US'),
('Minnesota', 'US'),
('Mississippi', 'US'),
('Missouri', 'US'),
('Montana', 'US'),
('Nebraska', 'US'),
('Nevada', 'US'),
('New Hampshire', 'US'),
('New Jersey', 'US'),
('New Mexico', 'US'),
('New York', 'US'),
('North Carolina', 'US'),
('North Dakota', 'US'),
('Ohio', 'US'),
('Oklahoma', 'US'),
('Oregon', 'US'),
('Pennsylvania', 'US'),
('Rhode Island', 'US'),
('South Carolina', 'US'),
('South Dakota', 'US'),
('Tennessee', 'US'),
('Texas', 'US'),
('Utah', 'US'),
('Vermont', 'US'),
('Virginia', 'US'),
('Washington', 'US'),
('West Virginia', 'US'),
('Wisconsin', 'US'),
('Wyoming', 'US');

-- Canada
INSERT INTO `city` (`Name`, `CountryCode`) VALUES
('Alberta', 'CA'),
('British Columbia', 'CA'),
('Manitoba', 'CA'),
('New Brunswick', 'CA'),
('Newfoundland and Labrador', 'CA'),
('Northwest Territories', 'CA'),
('Nova Scotia', 'CA'),
('Nunavut', 'CA'),
('Ontario', 'CA'),
('Prince Edward Island', 'CA'),
('Quebec', 'CA'),
('Saskatchewan', 'CA'),
('Yukon', 'CA');

-- Australia
INSERT INTO `city` (`Name`, `CountryCode`) VALUES
('Australian Capital Territory', 'AU'),
('New South Wales', 'AU'),
('Northern Territory', 'AU'),
('Queensland', 'AU'),
('South Australia', 'AU'),
('Tasmania', 'AU'),
('Victoria', 'AU'),
('Western Australia', 'AU');

-- United Kingdom
INSERT INTO `city` (`Name`, `CountryCode`) VALUES
('England', 'GB'),
('Northern Ireland', 'GB'),
('Scotland', 'GB'),
('Wales', 'GB');

-- India
INSERT INTO `city` (`Name`, `CountryCode`) VALUES
('Andhra Pradesh', 'IN'),
('Arunachal Pradesh', 'IN'),
('Assam', 'IN'),
('Bihar', 'IN'),
('Chhattisgarh', 'IN'),
('Goa', 'IN'),
('Gujarat', 'IN'),
('Haryana', 'IN'),
('Himachal Pradesh', 'IN'),
('Jharkhand', 'IN'),
('Karnataka', 'IN'),
('Kerala', 'IN'),
('Madhya Pradesh', 'IN'),
('Maharashtra', 'IN'),
('Manipur', 'IN'),
('Meghalaya', 'IN'),
('Mizoram', 'IN'),
('Nagaland', 'IN'),
('Odisha', 'IN'),
('Punjab', 'IN'),
('Rajasthan', 'IN'),
('Sikkim', 'IN'),
('Tamil Nadu', 'IN'),
('Telangana', 'IN'),
('Tripura', 'IN'),
('Uttar Pradesh', 'IN'),
('Uttarakhand', 'IN'),
('West Bengal', 'IN');

-- Germany
INSERT INTO `city` (`Name`, `CountryCode`) VALUES
('Baden-Württemberg', 'DE'),
('Bavaria', 'DE'),
('Berlin', 'DE'),
('Brandenburg', 'DE'),
('Bremen', 'DE'),
('Hamburg', 'DE'),
('Hesse', 'DE'),
('Lower Saxony', 'DE'),
('Mecklenburg-Vorpommern', 'DE'),
('North Rhine-Westphalia', 'DE'),
('Rhineland-Palatinate', 'DE'),
('Saarland', 'DE'),
('Saxony', 'DE'),
('Saxony-Anhalt', 'DE'),
('Schleswig-Holstein', 'DE'),
('Thuringia', 'DE');

-- Other countries (general regions/provinces)
INSERT INTO `city` (`Name`, `CountryCode`) VALUES
('Not Applicable', 'AF'),
('Not Applicable', 'AL'),
('Not Applicable', 'DZ'),
('Buenos Aires', 'AR'),
('Córdoba', 'AR'),
('Santa Fe', 'AR'),
('Vienna', 'AT'),
('Salzburg', 'AT'),
('Dhaka', 'BD'),
('Chittagong', 'BD'),
('Brussels', 'BE'),
('Flemish Region', 'BE'),
('Walloon Region', 'BE'),
('São Paulo', 'BR'),
('Rio de Janeiro', 'BR'),
('Minas Gerais', 'BR'),
('Sofia', 'BG'),
('Plovdiv', 'BG'),
('Santiago', 'CL'),
('Valparaíso', 'CL'),
('Beijing', 'CN'),
('Shanghai', 'CN'),
('Guangdong', 'CN'),
('Bogotá', 'CO'),
('Medellín', 'CO'),
('San José', 'CR'),
('Zagreb', 'HR'),
('Prague', 'CZ'),
('Copenhagen', 'DK'),
('Cairo', 'EG'),
('Alexandria', 'EG'),
('Tallinn', 'EE'),
('Helsinki', 'FI'),
('Île-de-France', 'FR'),
('Provence-Alpes-Côte d\'Azur', 'FR'),
('Athens', 'GR'),
('Thessaloniki', 'GR'),
('Hong Kong Island', 'HK'),
('Kowloon', 'HK'),
('Budapest', 'HU'),
('Jakarta', 'ID'),
('Surabaya', 'ID'),
('Tehran', 'IR'),
('Isfahan', 'IR'),
('Baghdad', 'IQ'),
('Basra', 'IQ'),
('Dublin', 'IE'),
('Cork', 'IE'),
('Jerusalem', 'IL'),
('Tel Aviv', 'IL'),
('Lazio', 'IT'),
('Lombardy', 'IT'),
('Tokyo', 'JP'),
('Osaka', 'JP'),
('Amman', 'JO'),
('Almaty', 'KZ'),
('Nur-Sultan', 'KZ'),
('Nairobi', 'KE'),
('Seoul', 'KR'),
('Busan', 'KR'),
('Kuwait City', 'KW'),
('Riga', 'LV'),
('Beirut', 'LB'),
('Vilnius', 'LT'),
('Kuala Lumpur', 'MY'),
('Selangor', 'MY'),
('Mexico City', 'MX'),
('Jalisco', 'MX'),
('Casablanca', 'MA'),
('Rabat', 'MA'),
('North Holland', 'NL'),
('South Holland', 'NL'),
('Auckland', 'NZ'),
('Wellington', 'NZ'),
('Lagos', 'NG'),
('Abuja', 'NG'),
('Oslo', 'NO'),
('Bergen', 'NO'),
('Punjab', 'PK'),
('Sindh', 'PK'),
('Lima', 'PE'),
('Cusco', 'PE'),
('Metro Manila', 'PH'),
('Cebu', 'PH'),
('Mazowieckie', 'PL'),
('Lesser Poland', 'PL'),
('Lisbon', 'PT'),
('Porto', 'PT'),
('Doha', 'QA'),
('Bucharest', 'RO'),
('Moscow', 'RU'),
('Saint Petersburg', 'RU'),
('Riyadh', 'SA'),
('Mecca', 'SA'),
('Belgrade', 'RS'),
('Singapore', 'SG'),
('Bratislava', 'SK'),
('Ljubljana', 'SI'),
('Gauteng', 'ZA'),
('Western Cape', 'ZA'),
('Madrid', 'ES'),
('Catalonia', 'ES'),
('Western Province', 'LK'),
('Stockholm', 'SE'),
('Gothenburg', 'SE'),
('Zurich', 'CH'),
('Geneva', 'CH'),
('Taipei', 'TW'),
('Kaohsiung', 'TW'),
('Bangkok', 'TH'),
('Chiang Mai', 'TH'),
('Istanbul', 'TR'),
('Ankara', 'TR'),
('Kyiv', 'UA'),
('Kharkiv', 'UA'),
('Dubai', 'AE'),
('Abu Dhabi', 'AE'),
('Caracas', 'VE'),
('Hanoi', 'VN'),
('Ho Chi Minh City', 'VN');
